feature,count,mean,variance,stddev
X,517,4.66925,5.34321,2.31154
Y,517,4.29981,1.50973,1.22871
FFMC,517,90.6447,30.4127,5.51477
DMC,517,110.872,4094.02,63.9845
DC,517,547.94,61417.8,247.826
ISI,517,9.02166,20.7486,4.55507
temp,517,18.8892,33.6517,5.80101
RH,517,44.2882,265.745,16.3017
wind,517,4.0176,3.20381,1.78992
rain,517,0.0216634,0.0874224,0.295673
